{
    "规则名": "",
    "请求头参数": "User-Agent$手机",
    "网页编码格式": "UTF-8",
    "图片是否需要代理": "0",
    "是否开启获取首页数据": "1",
    "首页推荐链接": "https://movie.fush8.com",
    "首页列表数组规则": "body&&.module",
    "首页片单列表数组规则": ".module-item-pic",
    "首页片单是否Jsoup写法": "1",
    "分类起始页码": "1",
    "分类链接": "https://movie.fush8.com/vodshow/{cateId}--------{catePg}---.html",
    "分类名称": "电影&连续剧&综艺&动漫&动画片&体育赛事&纪录片&",
    "分类名称替换词": "SCCCCS&qCCCCS&xCCCCS&ICCCCS&MCCCCS&XSCCCS&aCCCCS&",
    "筛选数据": "",
    "筛选子分类名称": "",
    "筛选子分类替换词": "*",
    "分类截取模式": "1",
    "分类列表数组规则": "body&&.module-item-pic",
    "分类片单是否Jsoup写法": "1",
    "分类片单标题": "a&&title",
    "分类片单链接": "a&&href",
    "分类片单图片": ".lazyloaded&&data-src",
    "分类片单副标题": ".module-item-text&&Text",
    "分类片单链接加前缀": "https://movie.fush8.com",
    "分类片单链接加后缀": "",
    "搜索请求头参数":"User-Agent$PC_UA",
    "搜索链接": "https://www.j9yy.top/vodsearch/{wd}----------2---.html",
    "POST请求数据": "searchword={wd}",
    "搜索截取模式": "0",
    "搜索列表数组规则": ".module-items&&.module-item",
    "搜索片单是否Jsoup写法": "1",
    "搜索片单图片": ".lazyload&&data-src",
    "搜索片单标题": ".module-card-item-title&&Text",
    "搜索片单链接": "a&&href",
    "搜索片单副标题": ".module-item-note&&Text",
    "搜索片单链接加前缀": "https://www.j9yy.top",
    "搜索片单链接加后缀": "",
    "链接是否直接播放": "0",
    "直接播放链接加前缀": "",
    "直接播放链接加后缀": "#isVideo=true#",
    "直接播放直链视频请求头": "authority$ku.peizq.online#Referer$https://play.peizq.online",
    "详情是否Jsoup写法": "0",
    "类型详情": "",
    "年代详情": "",
    "地区详情": "更新：</span>&&</div>",
    "演员详情": "主演：</span>&&</div>",
    "简介详情": "剧情：&&</div>",
    "线路列表数组规则": "body&&.module-tab-item",
    "线路标题": "span&&Text",
    "播放列表数组规则": "body&&.module-blocklist",
    "选集列表数组规则": "a",
    "选集标题链接是否Jsoup写法": "1",
    "选集标题": "span&&Text",
    "选集链接": "a&&href",
    "是否反转选集序列": "0",
    "选集链接加前缀": "https://movie.fush8.com",
    "选集链接加后缀": "",
    "分析MacPlayer": "2",
    "是否开启手动嗅探": "1",
    "手动嗅探视频链接关键词": "mp4#.m3u8",
    "手动嗅探视频链接过滤词": ""
}