{
  "作者": "菜妮丝https://cainisi.cf",
  "站名": "剧情网",
  "主页url": "https://www.hzjcqc.com",
  "倒序": "1",
  "嗅探词": ".m3u8#m3u8?#.mp4#mp4?#ixigua#.czspp#.flv#.mp3#.m4a#?item/video#is_play_url=1#play/?#qianpailive",
  
  "分类": "电视剧$dianshiju#电影$dianying#动漫$dongman#综艺$zongyi",
  
  "分类url": "https://www.hzjcqc.com/{cateId}/index_{class}_{area}_{year}__{by}_{catePg}.html",
  
  "数组": "<li class=\"col-md-6&&</li>",
  "副标题":"text-right\">&&</span>",
  
  "搜索模式": "1",
  "搜索url": "/search/{wd}-1.html",
  "搜索数组": "<li class=\"col-md-1&&</a>",
  "搜索副标题": "text-right\">&&</span>",
  
  "影片年代": "年代：&&</li>",
  "影片地区": "地区：&&</li>",
  "影片类型": "类型：&&</li>",
  "导演": "导演：&&</li>",
  "主演": "主演：&&</li>",
  "简介": "vod-content\">&&</div>",
  
  "线路数组": "<a id=\"#con_playlist_&&/a>[替换:tkm3u8>>播放列表<序号>#bjm3u8>>播放列表<序号>#hnm3u8>>播放列表<序号>#bdxm3u8>>播放列表<序号>#wjm3u8>>播放列表<序号>#ukm3u8>>播放列表<序号>#sdm3u8>>播放列表<序号>#kdm3u8>>播放列表<序号>]",
  "线路标题": ">&&<",
  
  "播放数组": "<ul class=\"play-list&&</ul>",
  "播放列表": "<a&&/a>",
  "播放标题": ">&&<",
  
  "筛选":{
"dianshiju":[
  {"key":"cateId","name":"类型","value":[
  {"n":"全部","v":"dianshiju"},
  {"n":"国产剧","v":"guocanju"},
  {"n":"香港剧","v":"xianggangju"},
  {"n":"欧美剧","v":"oumeiju"},
  {"n":"日本剧","v":"ribenju"},
  {"n":"海外剧","v":"haiwaiju"},
  {"n":"台湾剧","v":"taiwanju"},
  {"n":"韩国剧","v":"hanguoju"},
  {"n":"泰国剧","v":"taiguoju"}]},
  
  {"key":"class","name":"剧情","value":[
  {"n":"全部","v":""},
  {"n":"农村","v":"nongcun"},
  {"n":"喜剧","v":"xiju"},
  {"n":"偶像","v":"ouxiang"},
  {"n":"古装","v":"guzhuang"},
  {"n":"武侠","v":"wuxia"},
  {"n":"神话","v":"shenhua"},
  {"n":"穿越","v":"chuanyue"},
  {"n":"刑侦","v":"xingzhen"},
  {"n":"商战","v":"shangzhan"},
  {"n":"战争","v":"zhanzheng"},
  {"n":"军旅","v":"junlv"},
  {"n":"谍战","v":"diezhan"},
  {"n":"年代","v":"niandai"},
  {"n":"职场","v":"zhichang"},
  {"n":"校园","v":"xiaoyuan"},
  {"n":"动画","v":"donghua"},
  {"n":"言情","v":"yanqing"},
  {"n":"科幻","v":"kehuan"},
  {"n":"热血","v":"rexue"},
  {"n":"剧情","v":"juqing"}]},
  
  {"key":"area","name":"地区","value":[
  {"n":"全部","v":""},
  {"n":"大陆","v":"dalu"},
  {"n":"香港","v":"xianggang"},
  {"n":"台湾","v":"taiwan"},
  {"n":"美国","v":"meiguo"},
  {"n":"韩国","v":"hanguo"},
  {"n":"日本","v":"riben"},
  {"n":"泰国","v":"taiguo"},
  {"n":"新加坡","v":"xinjiapo"},
  {"n":"马来西亚","v":"malaixiya"},
  {"n":"印度","v":"yindu"},
  {"n":"英国","v":"yingguo"},
  {"n":"法国","v":"faguo"},
  {"n":"加拿大","v":"jianada"},
  {"n":"西班牙","v":"xibanya"},
  {"n":"俄罗斯","v":"eluosi"},
  {"n":"其它","v":"qita"}]},
  
  {"key":"year","name":"年份","value":[
  {"n":"全部","v":""},
  {"n":"2022","v":"2022"},
  {"n":"2021","v":"2021"},
  {"n":"2020","v":"2020"},
  {"n":"2019","v":"2019"},
  {"n":"2018","v":"2018"},
  {"n":"2017","v":"2017"},
  {"n":"2016","v":"2016"},
  {"n":"2015","v":"2015"},
  {"n":"2014","v":"2014"},
  {"n":"2013","v":"2013"},
  {"n":"2012","v":"2012"},
  {"n":"2011","v":"2011"},
  {"n":"2010","v":"2010"},
  {"n":"2009","v":"2009"},
  {"n":"2008","v":"2008"},
  {"n":"2007","v":"2007"},
  {"n":"2006","v":"2006"},
  {"n":"2005","v":"2005"},
  {"n":"2004","v":"2004"}]},
  
  {"key":"by","name":"排序","value":[
  {"n":"时间","v":"addtime"},
  {"n":"人气","v":"hits"}]}],
  
"dianying":[
  {"key":"cateId","name":"类型","value":[
  {"n":"全部","v":"dianying"},
  {"n":"动作片","v":"dongzuopian"},
  {"n":"喜剧片","v":"xijupian"},
  {"n":"爱情片","v":"aiqingpian"},
  {"n":"科幻片","v":"kehuanpian"},
  {"n":"恐怖片","v":"kongbupian"},
  {"n":"战争片","v":"zhanzhengpian"},
  {"n":"剧情片","v":"juqingpian"},
  {"n":"纪录片","v":"jilupian"},
  {"n":"动画片","v":"donghuapian"}]},
  
  {"key":"class","name":"剧情","value":[
  {"n":"全部","v":""},
  {"n":"惊悚","v":"jingsong"},
  {"n":"悬疑","v":"xuanyi"},
  {"n":"魔幻","v":"mohuan"},
  {"n":"言情","v":"yanqing"},
  {"n":"罪案","v":"zuian1"},
  {"n":"冒险","v":"maoxian"},
  {"n":"灾难","v":"zainan"},
  {"n":"古装","v":"guzhuang"},
  {"n":"青春","v":"qingchun"},
  {"n":"歌舞","v":"gewu"},
  {"n":"励志","v":"lizhi"},
  {"n":"文艺","v":"wenyi"},
  {"n":"生活","v":"shenghuo"},
  {"n":"动画","v":"donghua"},
  {"n":"原声","v":"yuansheng"},
  {"n":"历史","v":"lishi"},
  {"n":"谍战","v":"diezhan"},
  {"n":"穿越","v":"chuanyue"},
  {"n":"军旅","v":"junlv"}]},
  
  {"key":"area","name":"地区","value":[
  {"n":"全部","v":""},
  {"n":"大陆","v":"dalu"},
  {"n":"香港","v":"xianggang"},
  {"n":"台湾","v":"taiwan"},
  {"n":"美国","v":"meiguo"},
  {"n":"韩国","v":"hanguo"},
  {"n":"日本","v":"riben"},
  {"n":"泰国","v":"taiguo"},
  {"n":"新加坡","v":"xinjiapo"},
  {"n":"马来西亚","v":"malaixiya"},
  {"n":"印度","v":"yindu"},
  {"n":"英国","v":"yingguo"},
  {"n":"法国","v":"faguo"},
  {"n":"加拿大","v":"jianada"},
  {"n":"西班牙","v":"xibanya"},
  {"n":"俄罗斯","v":"eluosi"},
  {"n":"其它","v":"qita"}]},
  
  {"key":"year","name":"年份","value":[
  {"n":"全部","v":""},
  {"n":"2022","v":"2022"},
  {"n":"2021","v":"2021"},
  {"n":"2020","v":"2020"},
  {"n":"2019","v":"2019"},
  {"n":"2018","v":"2018"},
  {"n":"2017","v":"2017"},
  {"n":"2016","v":"2016"},
  {"n":"2015","v":"2015"},
  {"n":"2014","v":"2014"},
  {"n":"2013","v":"2013"},
  {"n":"2012","v":"2012"},
  {"n":"2011","v":"2011"},
  {"n":"2010","v":"2010"},
  {"n":"2009","v":"2009"},
  {"n":"2008","v":"2008"},
  {"n":"2007","v":"2007"},
  {"n":"2006","v":"2006"},
  {"n":"2005","v":"2005"},
  {"n":"2004","v":"2004"}]},
  
  {"key":"by","name":"排序","value":[
  {"n":"时间","v":"addtime"},
  {"n":"人气","v":"hits"}]}],
  
"dongman":[
  {"key":"class","name":"剧情","value":[
  {"n":"全部","v":""},
  {"n":"冒险","v":"maoxian"},
  {"n":"热血","v":"rexue"},
  {"n":"搞笑","v":"gaoxiao"},
  {"n":"少女","v":"shaonv"},
  {"n":"恋爱","v":"lianai"},
  {"n":"魔幻","v":"mohuan"},
  {"n":"推理","v":"tuili"},
  {"n":"神魔","v":"shenmo"},
  {"n":"竞技","v":"jingji"},
  {"n":"游戏","v":"youxi"},
  {"n":"益智","v":"yizhi"},
  {"n":"机战","v":"jizhan"},
  {"n":"宠物","v":"chongwu"},
  {"n":"格斗","v":"gedou"},
  {"n":"魔法","v":"mofa"},
  {"n":"亲子","v":"qinzi"},
  {"n":"励志","v":"lizhi"},
  {"n":"青春","v":"qingchun"},
  {"n":"都市","v":"dushi"},
  {"n":"惊悚","v":"jingsong"}]},
  
  {"key":"area","name":"地区","value":[
  {"n":"全部","v":""},
  {"n":"大陆","v":"dalu"},
  {"n":"香港","v":"xianggang"},
  {"n":"台湾","v":"taiwan"},
  {"n":"美国","v":"meiguo"},
  {"n":"韩国","v":"hanguo"},
  {"n":"日本","v":"riben"},
  {"n":"泰国","v":"taiguo"},
  {"n":"新加坡","v":"xinjiapo"},
  {"n":"马来西亚","v":"malaixiya"},
  {"n":"印度","v":"yindu"},
  {"n":"英国","v":"yingguo"},
  {"n":"法国","v":"faguo"},
  {"n":"加拿大","v":"jianada"},
  {"n":"西班牙","v":"xibanya"},
  {"n":"俄罗斯","v":"eluosi"},
  {"n":"其它","v":"qita"}]},
  
  {"key":"year","name":"年份","value":[
  {"n":"全部","v":""},
  {"n":"2022","v":"2022"},
  {"n":"2021","v":"2021"},
  {"n":"2020","v":"2020"},
  {"n":"2019","v":"2019"},
  {"n":"2018","v":"2018"},
  {"n":"2017","v":"2017"},
  {"n":"2016","v":"2016"},
  {"n":"2015","v":"2015"},
  {"n":"2014","v":"2014"},
  {"n":"2013","v":"2013"},
  {"n":"2012","v":"2012"},
  {"n":"2011","v":"2011"},
  {"n":"2010","v":"2010"},
  {"n":"2009","v":"2009"},
  {"n":"2008","v":"2008"},
  {"n":"2007","v":"2007"},
  {"n":"2006","v":"2006"},
  {"n":"2005","v":"2005"},
  {"n":"2004","v":"2004"}]},
  
  {"key":"by","name":"排序","value":[
  {"n":"时间","v":"addtime"},
  {"n":"人气","v":"hits"}]}],
  
"zongyi":[
  {"key":"class","name":"剧情","value":[
  {"n":"全部","v":""},
  {"n":"真人秀","v":"zhenrenxiu"},
  {"n":"脱口秀","v":"tuokouxiu"},
  {"n":"选秀","v":"xuanxiu"},
  {"n":"情感","v":"qinggan"},
  {"n":"访谈","v":"fangtan"},
  {"n":"美食","v":"meishi"},
  {"n":"旅游","v":"lvyou"},
  {"n":"财经","v":"caijing"},
  {"n":"军事","v":"junshi"},
  {"n":"职场","v":"zhichang"},
  {"n":"音乐","v":"yinle"},
  {"n":"时尚","v":"shishang"},
  {"n":"娱乐","v":"yule"},
  {"n":"体育","v":"tiyu"},
  {"n":"生活","v":"shenghuo"},
  {"n":"社会","v":"shehui"},
  {"n":"新闻","v":"xinwen"},
  {"n":"看点","v":"kandian"},
  {"n":"故事","v":"gushi"}]},
  
  {"key":"area","name":"地区","value":[
  {"n":"全部","v":""},
  {"n":"大陆","v":"dalu"},
  {"n":"香港","v":"xianggang"},
  {"n":"台湾","v":"taiwan"},
  {"n":"美国","v":"meiguo"},
  {"n":"韩国","v":"hanguo"},
  {"n":"日本","v":"riben"},
  {"n":"泰国","v":"taiguo"},
  {"n":"新加坡","v":"xinjiapo"},
  {"n":"马来西亚","v":"malaixiya"},
  {"n":"印度","v":"yindu"},
  {"n":"英国","v":"yingguo"},
  {"n":"法国","v":"faguo"},
  {"n":"加拿大","v":"jianada"},
  {"n":"西班牙","v":"xibanya"},
  {"n":"俄罗斯","v":"eluosi"},
  {"n":"其它","v":"qita"}]},
  
  {"key":"year","name":"年份","value":[
  {"n":"全部","v":""},
  {"n":"2022","v":"2022"},
  {"n":"2021","v":"2021"},
  {"n":"2020","v":"2020"},
  {"n":"2019","v":"2019"},
  {"n":"2018","v":"2018"},
  {"n":"2017","v":"2017"},
  {"n":"2016","v":"2016"},
  {"n":"2015","v":"2015"},
  {"n":"2014","v":"2014"},
  {"n":"2013","v":"2013"},
  {"n":"2012","v":"2012"},
  {"n":"2011","v":"2011"},
  {"n":"2010","v":"2010"},
  {"n":"2009","v":"2009"},
  {"n":"2008","v":"2008"},
  {"n":"2007","v":"2007"},
  {"n":"2006","v":"2006"},
  {"n":"2005","v":"2005"},
  {"n":"2004","v":"2004"}]},
  
  {"key":"by","name":"排序","value":[
  {"n":"时间","v":"addtime"},
  {"n":"人气","v":"hits"}]}]}
}