{
            "name": "奇优影院", 
            "url": "http://www.qiyoudy1.com", 
            "ua": "Mozilla/5.0 (iPhone; CPU iPhone OS 13_2_3 like Mac OS X) AppleWebKit/605.1.15 (KHTML, like Gecko) Version/13.0.3 Mobile/15E148 Safari/604.1", 
            "User": "空", 
            "嗅探词": ".m3u8#.mp4#", 
            "fenlei": "电影$/list/1_#电视剧$/list/2_#综艺$/list/4_#动漫$/list/3_#伦理$/list/6_",  
            "houzhui": ".html", 
            "shifouercijiequ": "0", 
            "jiequqian": "空", 
            "jiequhou": "空", 
            "jiequshuzuqian": "class=\"stui-vodlist__box\"", 
            "jiequshuzuhou": "</div>", 
            "tupianqian": "original=\"", 
            "tupianhou": "\"", 
            "biaotiqian": "title=\"", 
            "biaotihou": "\"", 
            "fubiaotiqian": "class=\"pic-text text-right\">", 
            "fubiaotihou": "</span>", 
            "lianjieqian": "href=\"", 
            "lianjiehou": "\"", 
            "搜索请求方式": "1", 
            "ssmoshi": "1", 
            "sousuoqian": "http://1e6e.com/search.php", 
            "sousuohou": "searchword", 
            "sousuohouzhui": "", 
            "sousuoshifouercijiequ": "0", 
            "jspic": "pic", 
            "jsname": "name", 
            "jsid": "id", 
            "ssjiequqian": "空", 
            "ssjiequhou": "空", 
            "ssjiequshuzuqian": "class=\"thumb", 
            "ssjiequshuzuhou": "</span>", 
            "sstupianqian": "data-original=\"", 
            "sstupianhou": "\"", 
            "ssbiaotiqian": "title=\"", 
            "ssbiaotihou": "\"", 
            "sslianjieqian": "href=\"", 
            "sslianjiehou": "\"", 
            "是否启用播放线路名": "1", 
            "线路名是否二次截取": "1", 
            "线路名截取前": "class=\"nav", 
            "线路名截取后": "/ul>", 
            "线路名截取数组前": "<li", 
            "线路名截取数组后": "</li>", 
            "线路名标题前": ">", 
            "线路名标题后": "</a>", 
            "bfshifouercijiequ": "0", 
            "bfjiequqian": "空", 
            "bfjiequhou": "空", 
            "bfjiequshuzuqian": "class=\"stui-content__playlist clearfix\"", 
            "bfjiequshuzuhou": "</ul>", 
            "zhuangtaiqian": "class=\"pic-text text-right\">", 
            "zhuangtaihou": "</span>", 
            "daoyanqian": "导演：</span>", 
            "daoyanhou": "</p>", 
            "zhuyanqian": "主演：</span>", 
            "zhuyanhou": "</p>", 
            "juqingqian": "简介：</span>", 
            "juqinghou": "</div>", 
            "bfyshifouercijiequ": "0", 
            "bfyjiequqian": "空", 
            "bfyjiequhou": "空", 
            "bfyjiequshuzuqian": "<a", 
            "bfyjiequshuzuhou": "/a>", 
            "bfbiaotiqian": ">", 
            "bfbiaotihou": "<", 
            "bflianjieqian": "href=\"", 
            "bflianjiehou": "\""
        },