{
    "规则名": "007影院",
    "规则作者": "sm",
    "请求头参数": "手机",
    "网页编码格式": "UTF-8",
    "图片是否需要代理": "1",
    "是否开启获取首页数据": "1",
    "首页推荐链接": "https://www.007ts.me",
    "首页列表数组规则": "body&&.stui-vodlist.clearfix",
    "首页片单列表数组规则": ".stui-vodlist__box",
    "首页片单是否Jsoup写法": "1",
    "首页片单标题": "a&&title",
    "首页片单链接": "a&&href",
    "首页片单图片": "a&&data-original",
    "首页片单副标题": ".pic-text&&Text",
    "首页片单链接加前缀": "https://www.007ts.me",
    "首页片单链接加后缀": "",
    "分类起始页码": "1",
    "分类链接": "https://www.007ts.me/channel/{cateId}-{catePg}.html",
    "分类名称": "电影&电视剧&动漫&综艺&直播&少儿&美女热舞&即将上线",
    "分类名称替换词": "1&2&3&4&7&19&18&20",
    //"筛选数据": "ext",
    //"筛选子分类名称": "动作片&喜剧片&爱情片&科幻片&恐怖片&剧情片&战争片&纪录片||国产剧&港台剧&日韩剧&欧美剧",
    //"筛选子分类替换词": "dongzuopian&xijupian&aiqingpian&kehuanpian&kongbupian&juqingpian&zhanzhengpian&jilupian||guochanju&gangtaiju&rihanju&oumeiju",
    
    "分类截取模式": "1",
    "分类列表数组规则": "body&&.stui-vodlist__box",
    "分类片单是否Jsoup写法": "1",
    "分类片单标题": "a&&title",
    "分类片单链接": "a&&href",
    "分类片单图片": "a&&data-original",
    "分类片单副标题": ".pic-text&&Text",
    "分类片单链接加前缀": "https://www.007ts.me",
    "分类片单链接加后缀": "",
    "搜索请求头参数": "手机",
    "搜索链接": "https://www.007ts.me/index.php/ajax/suggest.html?mid=1&wd={wd}",
    "POST请求数据": "",
    "搜索截取模式": "0",
    "搜索列表数组规则": "list",
    "搜索片单是否Jsoup写法": "1",
    "搜索片单图片": "pic",
    "搜索片单标题": "name",
    "搜索片单链接": "id",
    "搜索片单副标题": "",
    "搜索片单链接加前缀": "https://www.007ts.me/detail/",
    "搜索片单链接加后缀": ".html",
    "链接是否直接播放": "0",
    "直接播放链接加前缀": "https://live.52sf.ga/huya/",
    "直接播放链接加后缀": "#isVideo=true#",
    "直接播放直链视频请求头": "authority$ku.peizq.online#Referer$https://play.peizq.online",
    "详情是否Jsoup写法": "0",
    "类型详情": "",
    "年代详情": "",
    "地区详情": "",
    "演员详情": "class=\"data\">主演：&&</p>",
    "简介详情": "简介：</span>&&</li>",
    "线路列表数组规则": ".nav&&li",
    "线路标题": "Text",
    "播放列表数组规则": "body&&.stui-content__playlist",
    "选集列表数组规则": "li",
    "选集标题链接是否Jsoup写法": "1",
    "选集标题": "a&&title",
    "选集链接": "a&&href",
    "是否反转选集序列": "0",
    "选集链接加前缀": "https://www.007ts.me",
    "选集链接加后缀": "",
    "分析MacPlayer": "0",
    "是否开启手动嗅探": "1",
    "手动嗅探视频链接关键词": ".mp4#.m3u8#.flv",
    "手动嗅探视频链接过滤词": ".html#=http"
}