{
  "ua": "",
  "homeUrl": "https://www.17skr.com/",
  "dcVipFlag": "true",
  "pCfgJs": "https://www.17skr.com/static/js/playerconfig.js",
  "pCfgJsR": "[\\W|\\S|.]*?MacPlayerConfig.player_list[\\W|\\S|.]*?=([\\W|\\S|.]*?),MacPlayerConfig.downer_list",
  "dcShow2Vip": {},
  "dcPlayUrl": "true",
  //"cateNode": "//ul[contains(@class, 'navbar-nav')]/li/a[contains(@href, 'type')]",
  //"cateName": "/@title",
  //"cateId": "/@href",
  //"cateIdR": "/type/(\\S+).html",
  "cateManual": {
    "日本动漫": "6",
    "国产动漫": "7",
    "欧美动漫": "8",
    "日本动漫电影": "3",
    "国产动漫电影": "4",
    "欧美动漫电影": "5"
  },

  "homeVodNode": "//div[contains(@class, 'video-img-box')]",
  "homeVodName": "/div[contains(@class, 'detail')]/h6/a/text()",
  "homeVodId": "/div[contains(@class, 'img-box')]/a/@href",
  "homeVodIdR": "/detail/(\\w+).html",
  "homeVodImg": "/div[contains(@class, 'img-box')]/a/img/@data-src",
  "homeVodMark": "/div[contains(@class, 'img-box')]/a/div[contains(@class,'absolute-bottom-right')]/span/text()",

  //"cateUrl": "https://www.17skr.com/type/{cateId}_{catePg}.html",
  "cateUrl": "https://www.17skr.com/vod/show/id/{cateId}/page/{catePg}.html",
  "cateVodNode": "//div[contains(@class, 'video-img-box')]",
  "cateVodName": "/div[contains(@class, 'detail')]/h6/a/text()",
  "cateVodId": "/div[contains(@class, 'img-box')]/a/@href",
  "cateVodIdR": "/detail/(\\w+).html",
  "cateVodImg": "/div[contains(@class, 'img-box')]/a/img/@data-src",
  "cateVodMark": "/div[contains(@class, 'img-box')]/a/div[contains(@class,'absolute-bottom-right')]/span/text()",

  "dtUrl": "https://www.17skr.com/detail/{vid}.html",
  "dtNode": "//body",
  "dtName": "//div[@class='module-item-pic']/a/img/@alt",
  "dtNameR": "",
  "dtImg": "//div[@class='module-item-pic']/a/img/@src",
  "dtImgR": "\\S+(http\\S+)",
  "dtCate": "//div[@class='tag-link'][1]/a/span/text()",
  "dtCateR": "",
  "dtArea": "//div[@class='tag-link'][2]/a/span/text()",
  "dtAreaR": "",
  "dtDirector": "//span[contains(text(), '导演')]/following-sibling::div/a/span/text()",
  "dtDirectorR": "",
  "dtActor": "//span[contains(text(), '主演')]/following-sibling::div/a/span/text()",
  "dtActorR": "",
  "dtYear": "//span[contains(text(), '上映')]/following-sibling::*/text()",
  "dtYearR": "",
  "dtMark": "//span[contains(text(), '集数')]/following-sibling::*/text()",
  "dtMarkR": "",
  "dtDesc": "//span[contains(text(), '剧情')]/following-sibling::div/span/text()",
  "dtDescR": "",

  "dtFromNode": "//div[contains(@class, 'module-tab-content')]/div[contains(@class, 'module-tab-item')]/span",
  "dtFromName": "/text()",
  "dtUrlNode": "//div[contains(@class, 'module-blocklist')]",
  "dtUrlSubNode": "/div/a",
  "dtUrlId": "/@href",
  "dtUrlIdR": "/play/(\\S+).html",
  "dtUrlName": "/span/text()",
  "playUrl": "https://www.17skr.com/play/{playUrl}.html",

  "searchUrl": "https://www.17skr.com/index.php/ajax/suggest?mid=1&wd={wd}&limit=30",
  "scVodNode": "json:list",
  "scVodName": "name",
  "scVodId": "id",
  "scVodIdR": "",
  "scVodImg": "pic",
  "scVodMark": ""
}
