 {
   "规则名": "XYQHiker模板",
    "规则作者": "测试freeok",
    "请求头参数":"MOBILE_UA",
    "网页编码格式":"UTF-8",
    "图片是否需要代理":"0",
    
    //是否开启获取首页数据，0关闭，1开启
    "是否开启获取首页数据":"1",
    //首页推荐数据获取链接
    "首页推荐链接": "https://www.freeok.vip",
    //首页推荐列表数组截取。
    "首页列表数组规则": "body&&.module-items",
    //首页推荐片单列表数组定位。
    "首页片单列表数组规则": ".module-item",
    //首页推荐片单信息jsoup与正则截取写法切换，只作用于html网页，1为jsoup写法(默认)，0为正则截取写法
    "首页片单是否Jsoup写法":"1",
    //下面这六个首页数据如果不填将调用分类那截取的配置（片单写法需一致且取值也得一致）。
    //首页片单标题
    "首页片单标题": "a&&Text",
    //首页推荐片单链接
    "首页片单链接": "a&&href",
    //首页推荐片单图片，支持自定义图片链接
    "首页片单图片": ".lazyload&&data-original",
    //首页推荐片单副标题
    "首页片单副标题":".module-item-note&&Text",
    //首页推荐片单链接补前缀  
    "首页片单链接加前缀": "https://www.freeok.vip",
    //首页推荐片单链接补后缀
    "首页片单链接加后缀": "",
    "分类起始页码": "1",
     "分类链接": "https://www.freeok.vip/vodshow/{cateId}--------{catePg}---.html",
     "分类名称": "电影&剧集&动漫&综艺",
     "分类名称替换词": "1&2&3&4",
    "筛选数据":{},
    "分类截取模式": "1",
     "分类列表数组规则": "body&&.module-item",
    "分类片单是否Jsoup写法":"1",
     "分类片单标题": "a&&title",
    "分类片单链接": "a&&href",
    "分类片单图片": ".lazyload&&data-original",
     "分类片单副标题":".module-item-note&&Text",
    "分类片单链接加前缀": "https://www.freeok.vip",
    "分类片单链接加后缀": "",
    "搜索请求头参数":"User-Agent$PC_UA",
    "搜索链接": "https://www.freeok.vip/index.php/ajax/suggest?mid=1&wd={wd}",
    "POST请求数据":"0",
    "搜索截取模式": "0",
    "搜索列表数组规则": "list",
    "搜索片单是否Jsoup写法":"1",
    "搜索片单图片": "pic",
    "搜索片单标题": "name",
    "搜索片单链接": "id",
    "搜索片单副标题":"",
    "搜索片单链接加前缀": "https://www.freeok.vip",
    "搜索片单链接加后缀": "",
    "详情是否Jsoup写法":"0",
    "类型详情": "",
    "年代详情": "",
    "地区详情": "",
    "演员详情": "主演：</span>&&</div>",
    "简介详情": "introduction-content\">&&</p>",
    "线路列表数组规则": "#y-playList&&.module-tab-item",
    "线路标题": "Text",
    "播放列表数组规则": "body&&.module-play-list-content",
    "选集列表数组规则": "a",
    "选集标题链接是否Jsoup写法":"1",
    "选集标题": "a&&Text",
    "选集链接": "a&&href",
    "是否反转选集序列": "0",
    "选集链接加前缀": "https://www.freeok.vip",
    "选集链接加后缀": "",
    "分析MacPlayer":"0",
    "是否开启手动嗅探":"0",
    "手动嗅探视频链接关键词":".mp4#.m3u8#.flv",
    "手动嗅探视频链接过滤词":".html#=http"
}
