{
    "规则名": "快播",
    "请求头参数": "User-Agent$手机",
    "网页编码格式": "UTF-8",
    "图片是否需要代理": "0",
    "是否开启获取首页数据": "1",
    "首页推荐链接": "https://www.3qu.live",
    "首页列表数组规则": "body&&.col-xxl-2",
    "首页片单列表数组规则": ".item-content",
    "首页片单是否Jsoup写法": "1",
    "分类起始页码": "1",
    "分类链接": "https://www.3qu.live/videos/{cateId}?page={catePg}&sort=newest",
    "分类名称": "电影&电视剧&综艺&动漫",
    "分类名称替换词": "movie&serie&variety&anime",
    "分类截取模式": "1",
    "分类列表数组规则": "body&&.col-xxl-2",
    "分类片单是否Jsoup写法": "1",
    "分类片单标题": "a&&title",
    "分类片单链接": "a&&href",
    "分类片单图片": "a&&style",
    "分类片单副标题": ".module-item-note&&Text",
    "分类片单链接加前缀": "https://www.3qu.live",
    "分类片单链接加后缀": "",
    "搜索请求头参数": "User-Agent$手机",
    "搜索链接": "https://www.3qu.live/api/v1/search?page=1&q={wd}&type=all&period=0",
    "POST请求数据": "",
   
    
    "搜索截取模式": "0",
    "搜索列表数组规则": "data.videos",
    "搜索片单是否Jsoup写法": "1",
    "搜索片单图片": "coverURL",
    "搜索片单标题": "name",
    "搜索片单链接": "id",
    "搜索片单副标题": "",
    "搜索片单链接加前缀": "https://www.3qu.live/videos/",
    "搜索片单链接加后缀": ".html",
    "链接是否直接播放": "0",
    "直接播放链接加前缀": "",
    "直接播放链接加后缀": "#isVideo=true#",
    "直接播放直链视频请求头": "authority$ku.peizq.online#Referer$https://play.peizq.online",
    "详情是否Jsoup写法": "0",
    "类型详情": "",
    "年代详情": "",
    "地区详情": "更新：</span>&&</div>",
    "演员详情": "演员:</span>&&</div>",
    "简介详情": "简介:</span>&&</p>",
    "线路列表数组规则": "body&&.active",
    "线路标题": "a&&Text",
    "播放列表数组规则": "body&&.playlist",
    "选集列表数组规则": "a",
    "选集标题链接是否Jsoup写法": "1",
    "选集标题": "Text",
    "选集链接": "a&&href!#",
    "是否反转选集序列": "0",
    "选集链接加前缀": "'https://www.3qu.live'+.video-detail&&a&&href+'?'",
    "选集链接加后缀": "",
    "分析MacPlayer": "2",
    "是否开启手动嗅探": "1",
    "手动嗅探视频链接关键词": ".mp4#.m3u8#.flv",
    "手动嗅探视频链接过滤词": ".html#=http#?http"
}
