{
    "规则名": "https://www.piaku.cc/p/DY-2/",
    "规则作者": "sm",
    "请求头参数": "MOBILE_UA",
    "网页编码格式": "UTF-8",
    "图片是否需要代理": "否",
    "是否开启获取首页数据": "1",
    "首页推荐链接": "https://m.piaku.cc",
    "首页列表数组规则": "body&&#change-ul-1",
    "首页片单列表数组规则": "li",
    "首页片单是否Jsoup写法": "1",
    "分类起始页码": "1",
    "分类链接": "https://m.piaku.cc/p/{cateId}-{catePg}/",
    "分类名称": "电影&电视剧&综艺&动漫&少儿",
    "分类名称替换词": "DY&DSJ&ZY&DM&SR",
    "筛选数据": {},
    //"筛选数据": "ext",
    //{cateId}
    "筛选子分类名称": "",
    "筛选子分类替换词": "",
    //{class}
    "筛选类型名称": "",
    "筛选类型替换词": "*",
    //{area}
    "筛选地区名称": "",
    "筛选地区替换词": "*",
    //{year}
    "筛选年份名称": "",
    "筛选年份替换词": "*",
    //{lang}
    "筛选语言名称": "",
    "筛选语言替换词": "*",
    //{by}
    "筛选排序名称": "时间&人气&评分",
    "筛选排序替换词": "time&hits&score",
    "分类截取模式": "1",
    "分类列表数组规则": ".pic-list.clearfix&&li",
    "分类片单是否Jsoup写法": "是",
    "分类片单标题": "a&&title",
    "分类片单链接": "a&&href",
    "分类片单图片": "img&&src",
    "分类片单副标题": ".s1&&Text",
    "分类片单链接加前缀": "https://m.piaku.cc",
    "分类片单链接加后缀": "",
    "搜索请求头参数": "User-Agent$MOBILE_UA",
    "搜索链接": "https://m.piaku.cc/s/-------------/?wd={wd}",
    "POST请求数据": "",
    "搜索截取模式": "1",
    "搜索列表数组规则": ".content&&li",
    "搜索片单是否Jsoup写法": "是",
    "搜索片单图片": "img&&src",
    "搜索片单标题": "h3&&Text",
    "搜索片单链接": "a&&href",
    "搜索片单副标题": ".int&&p&&Text",
    "搜索片单链接加前缀": "https://m.piaku.cc",
    "搜索片单链接加后缀": "",
    "链接是否直接播放": "否",
    "直接播放链接加前缀": "",
    "直接播放链接加后缀": "",
    "直接播放直链视频请求头": "",
    "详情是否Jsoup写法": "0",
    "类型详情": "类型：</span>&&</p>",
    "年代详情": "上映：</span>&&</p>",
    "地区详情": "地区：</span>&&</p>",
    "演员详情": "主演：</span>&&</p>",
    "简介详情": "简介：</strong>&&</p>",
    "线路列表数组规则": ".py-tabs&&option",
    "线路标题": "Text",
    "播放列表数组规则": "body&&.player",
    "选集列表数组规则": "a",
    "选集标题链接是否Jsoup写法": "是",
    "选集标题": "a&&Text",
    "选集链接": "a&&href",
    "是否反转选集序列": "否",
    "选集链接加前缀": "https://m.piaku.cc",
    "选集链接加后缀": "",
    "分析MacPlayer": "否",
    "是否开启手动嗅探": "1",
    "手动嗅探视频链接关键词": ".mp4#.m3u8#.flv",
    "手动嗅探视频链接过滤词": ".html#=http"
}