{
    "规则名": "小强迷影院",
    "规则作者": "",
    "请求头参数": "User-Agent$电脑#Referer$WebView",
    "网页编码格式": "UTF-8",
    "图片是否需要代理": "0",
    "是否开启获取首页数据": "1",
    "首页推荐链接": "http://xqmi.top",
    "首页列表数组规则": "body&&ul.stui-vodlist",
    "首页片单列表数组规则": "li",
    "首页片单是否Jsoup写法": "1",
    "分类起始页码": "1",
    "分类链接": "http://xqmi.top/index.php/vod/show/id/{cateId}/area/{area}/by/{by}/class/{class}/page/{catePg}/year/{year}.html",
    "分类名称": "电影&电视&动漫&综艺",
    "分类名称替换词": "1&2&3&4",
    "筛选数据": "ext",
    "筛选子分类名称": "全部&动作片&喜剧片&爱情片&科幻片&剧情片&恐怖片&战争片&惊悚片&犯罪片&冒险片&动画片&悬疑片&武侠片&奇幻片&其他片||电视剧&日韩剧&港台剧&欧美剧&短剧&其他剧",
    "筛选子分类替换词": "1&6&7&8&9&10&11&12&20&21&22&23&24&25&26&27||13&14&15&16&28&29",
    "筛选类型名称": "喜剧&爱情&恐怖&动作&科幻&剧情&战争&警匪&犯罪&动画&奇幻&武侠&冒险&枪战&恐怖&悬疑&惊悚&经典&青春&文艺&微电影&古装&历史&运动&农村&儿童&网络电影||古装&战争&青春偶像&喜剧&家庭&犯罪&动作&奇幻&剧情&历史&经典&乡村&情景&商战&网剧&其他||选秀&情感&访谈&播报&旅游&音乐&美食&纪实&曲艺&生活&游戏互动&财经&求职||情感&科幻&热血&推理&搞笑&冒险&萝莉&校园&动作&机战&运动&战争&少年&少女&社会&原创&亲子&益智&励志&其他",
    "筛选类型替换词": "*",
    "筛选地区名称": "大陆&香港&台湾&美国&法国&英国&日本&韩国&德国&泰国&印度&意大利&西班牙&加拿大&其他||内地&韩国&香港&台湾&日本&美国&泰国&英国&新加坡&其他||内地&港台&日韩&欧美||国产&日本&欧美&其他",
    "筛选地区替换词": "*",
    "筛选年份名称": "2022&2021&2020&2019&2018&2017&2016&2015&2014&2013&2012&2011&2010&2009&2008&2007&2006&2005&2004&2003&2002&2001&2000",
    "筛选年份替换词": "*",
    "筛选语言名称": "",
    "筛选语言替换词": "",
    "筛选排序名称": "时间&人气&评分",
    "筛选排序替换词": "time&hits&score",
    "分类截取模式": "1",
    "分类列表数组规则": "body&&ul.stui-vodlist&&li",
    "分类片单是否Jsoup写法": "1",
    "分类片单标题": "a&&title",
    "分类片单链接": "a&&href!/index.php/vod/detail/id/!.html",
    "分类片单图片": ".lazyload&&data-original",
    "分类片单副标题": ".pic-text&&Text",
    "分类片单链接加前缀": "http://xqmi.top/index.php/vod/play/id/",
    "分类片单链接加后缀": "/sid/1/nid/1.html",
    "搜索请求头参数": "User-Agent$电脑",
    "搜索链接": "http://xqmi.top/index.php/ajax/suggest?mid=1&wd={wd}",
    "POST请求数据": "",
    "搜索截取模式": "0",
    "搜索列表数组规则": "list",
    "搜索片单是否Jsoup写法": "1",
    "搜索片单图片": "pic",
    "搜索片单标题": "name",
    "搜索片单链接": "id",
    "搜索片单副标题": "",
    "搜索片单链接加前缀": "http://xqmi.top/index.php/vod/play/id/",
    "搜索片单链接加后缀": "/sid/1/nid/1.html",
    "链接是否直接播放": "0",
    "直接播放链接加前缀": "https://live.52sf.ga/huya/",
    "直接播放链接加后缀": "#isVideo=true#",
    "直接播放直链视频请求头": "authority$ku.peizq.online#Referer$https://play.peizq.online",
    "详情是否Jsoup写法": "0",
    "类型详情": "",
    "年代详情": "",
    "地区详情": "类型：</span>&&</p>",
    "演员详情": "主演：</span>&&</p>",
    "简介详情": "class=\"stui-content__desc col-pd clearfix\">&&</p>",
    "线路列表数组规则": "ul.t-ul&&li",
    "线路标题": "span&&Text",
    "播放列表数组规则": "body&&ul.stui-content__playlist",
    "选集列表数组规则": "li",
    "选集标题链接是否Jsoup写法": "1",
    "选集标题": "a&&Text",
    "选集链接": "a&&href",
    "是否反转选集序列": "0",
    "选集链接加前缀": "http://xqmi.top",
    "选集链接加后缀": "",
    "分析MacPlayer": "1",
    "是否开启手动嗅探": "1",
    "手动嗅探视频链接关键词": ".mp4#.m3u8#.flv",
    "手动嗅探视频链接过滤词": ".html#=http#?http"
}
