{
    "规则名": "https://www.xinyaoys.com/index.php/vod/type/id/1/page/2.html",
    "规则作者": "sm",
    "请求头参数": "手机",
    "网页编码格式": "UTF-8",
    "图片是否需要代理": "0",
    "是否开启获取首页数据": "1",
    "首页推荐链接": "https://www.xinyaoys.com",
    "首页列表数组规则": "body&&.hl-list-item",
    "首页片单列表数组规则": "li",
    "首页片单是否Jsoup写法": "1",
   
    "分类起始页码": "1",
    "分类链接": "https://www.xinyaoys.com/index.php/vod/type/id/{cateId}/page/{catePg}.html",
    "分类名称": "电影&电视剧&综艺&动漫",
    "分类名称替换词": "1&2&3&4",
    "筛选数据": {},
    "分类截取模式": "1",
    "分类列表数组规则": "body&&.hl-list-item",
    "分类片单是否Jsoup写法": "1",
    "分类片单标题": "a&&title",
    "分类片单链接": "a&&href",
    "分类片单图片": "a&&data-original",
    "分类片单副标题": ".hl-pic-text&&Text",
    "分类片单链接加前缀": "https://www.xinyaoys.com",
    "分类片单链接加后缀": "",
    "搜索请求头参数": "手机",
    "搜索链接": "https://www.xinyaoys.com/index.php/ajax/suggest.html?mid=1&wd={wd}",
    "POST请求数据": "",
    "搜索截取模式": "0",
    "搜索列表数组规则": "list",
    "搜索片单是否Jsoup写法": "1",
    "搜索片单图片": "pic",
    "搜索片单标题": "name",
    "搜索片单链接": "id",
    "搜索片单副标题": "",

    "搜索片单链接加前缀": "https://www.xinyaoys.com/index.php/vod/detail/id/",
    "搜索片单链接加后缀": ".html",
    "链接是否直接播放": "0",
    "直接播放链接加前缀": "https://live.52sf.ga/huya/",
    "直接播放链接加后缀": "#isVideo=true#",
    "直接播放直链视频请求头": "authority$ku.peizq.online#Referer$https://play.peizq.online",
    "详情是否Jsoup写法": "0",
    "类型详情": "上映：</em>&&<li>",
    "年代详情": "年份：</em>&&<li>",
    "地区详情": "导演：</em>&&<li>",
    "演员详情": "主演：</em>&&<li>",
    "简介详情": "简介：</em>&&<li>",
    "线路列表数组规则": "body&&.hl-tabs-btn",
    "线路标题": "a&&alt",
    "播放列表数组规则": "body&&#hl-plays-list",
    "选集列表数组规则": "li",
    "选集标题链接是否Jsoup写法": "1",
    "选集标题": "a&&Text",
    "选集链接": "a&&href",
    "是否反转选集序列": "0",
    "选集链接加前缀": "https://www.xinyaoys.com",
    "选集链接加后缀": "",
    "分析MacPlayer": "0",
    "是否开启手动嗅探": "0",
    "手动嗅探视频链接关键词": ".mp4#.m3u8#.flv",
    "手动嗅探视频链接过滤词": ".html#=http"
}