{
  "小兵": "https://6vv.app",
  "小鴨": "http://43.139.29.179:5244",
  "晴園": "https://alist.52qy.repl.co",
  "秋雨": "https://share.laowang.me",
  "米奇": "https://anime.mqmmw.ga",
  "觸光": "https://pan.ichuguang.com",
  "一只魚": "https://alist.youte.ml",
  "七米藍": "https://al.chirmyram.com",
  "浩瀚吧": "https://8023.haohanba.cn",
  "雲播放": "https://quanzi.laoxianghuijia.cn",
  "姬路白雪": "https://pan.jlbx.xyz",
  "神族九帝": "https://alist.shenzjd.com",
  "輕彈淺唱": "https://g.xiang.lol",
  "Disk": "http://124.222.140.243:8080"
}