{
  "classes": [
   
    {
      "type_name": "舞蹈",
      "type_id": "舞蹈"
    },
    {
      "type_name": "宅舞",
      "type_id": "宅舞"
    },
    {
      "type_name": "街舞",
      "type_id": "街舞"
    },
   {
      "type_name": "拉丁",
      "type_id": "拉丁舞蹈"
    },
    {
      "type_name": "探戈",
      "type_id": "探戈"
    },
    {
      "type_name": "印度舞蹈",
      "type_id": "印度舞蹈"
    },
    {
      "type_name": "中国女团",
      "type_id": "中国女团"
    },
 {
      "type_name": "韩国女团",
      "type_id": "韩国女团"
    },

    {
      "type_name": "日本女团",
      "type_id": "日本女团"
    }
    ],
    
     "cookie":"_uuid=5E4B2B98-1014A-84D8-FA33-EC210C5BEC10DA82367infoc; buvid3=E9D0A426-85E9-E6C7-C75E-206A3E1BEB4D81910infoc; b_nut=1666168082; buvid4=4FC87B9C-3540-2275-688C-8612D3EA719B81910-022101916-ZLe640jXRAMHySuaCe9aUw==; rpdid=|(k|u)YYm)uY0J'uYYYuY)uuu; i-wanna-go-back=-1; fingerprint=9c214a6da0197a48e576ccf22e9f0ac7; buvid_fp_plain=undefined; nostalgia_conf=-1; DedeUserID=3493076028885079; DedeUserID__ckMd5=60a8757a1f4d6ae9; buvid_fp=9c214a6da0197a48e576ccf22e9f0ac7; CURRENT_QUALITY=80; b_ut=5; PVID=2; bp_video_offset_3493076028885079=undefined; bsource=search_google; SESSDATA=42b8ada6,1683277266,4bd05*b2; bili_jct=2dbe39aea02b41324395630a24d4775f; sid=89gnel66; innersign=0; b_lsid=9EF63922_1844D55A286; CURRENT_FNVAL=4048",

  "filter": {"舞蹈": [
{"key": "order","name": "排序","value": [
{"n": "综合排序","v": "0"},
{"n": "最多点击","v": "click"},
{"n": "最新发布","v": "pubdate"},
{"n": "最多弹幕","v": "dm"},
{"n": "最多收藏","v": "stow"}
]
},
   {"key": "tid","name": "分类","value": [
          {
            "n": "街舞",
            "v": "街舞"
          },
           {
            "n": "宅舞",
            "v": "宅舞"
          },
          {
            "n": "拉丁",
            "v": "拉丁舞蹈"
            },

          {
            "n": "探戈",
            "v": "探戈"
          },
          {
            "n": "印度舞蹈",
            "v": "印度舞蹈"
          },
          {
            "n": "中国女团",
            "v": "中国女团"
          },
          {
            "n": "日本女团",
            "v": "日本女团"
          },
          {
            "n": "韩国女团",
            "v": "韩国女团"
          }
          ]},

{"key": "duration","name": "时长","value": [
{"n": "全部时长","v": "0"},
{"n": "60分钟以上","v": "4"},
{"n": "30~60分钟","v": "3"},
{"n": "10~30分钟","v": "2"},
{"n": "10分钟以下","v": "1"}

]}]
}}
