{
  "classes": [
    {
      "type_name": "京剧",
      "type_id": "京剧"
    },
    {
      "type_name": "越剧",
      "type_id": "越剧"
    },
    {
      "type_name": "芗剧",
      "type_id": "芗剧"
    },
    {
      "type_name": "蒲剧",
      "type_id": "蒲剧"
    },
    {
      "type_name": "吕剧",
      "type_id": "吕剧"
    },
    {
      "type_name": "眉户",
      "type_id": "眉户"
    },
    {
      "type_name": "歌仔戏",
      "type_id": "歌仔戏"
    },
    
    {
      "type_name": "黄梅戏",
      "type_id": "黄梅戏"
    },
    {
      "type_name": "黄梅戏",
      "type_id": "黄梅戏"
    },
    {
      "type_name": "评剧",
      "type_id": "评剧"
    },
    {
      "type_name": "豫剧",
      "type_id": "豫剧"
    },
    {
      "type_name": "沪剧",
      "type_id": "沪剧"
    },
    {
      "type_name": "昆曲",
      "type_id": "昆曲"
    },
    {
      "type_name": "花鼓戏",
      "type_id": "花鼓戏"
    },
    {
      "type_name": "潮剧",
      "type_id": "潮剧"
    },
    {
      "type_name": "超清潮剧",
      "type_id": "超清潮剧"
    },

    {
      "type_name": "百花潮剧院",
      "type_id": "百花潮剧院"
    },
        {
      "type_name": "香港潮剧",
      "type_id": "香港潮剧"
    },
        {
      "type_name": "潮剧院",
      "type_id": "潮剧院"
    },
       {
      "type_name": "潮剧团",
      "type_id": "潮剧团"
    },
        {
      "type_name": "潮剧全剧",
      "type_id": "潮剧全剧"
    }, 
     {
      "type_name": "潮剧选段",
      "type_id": "潮剧选段"
    },
    {
      "type_name": "名家潮剧",
      "type_id": "名家潮剧"
    },
  
    {
      "type_name": "潮汕小品",
      "type_id": "潮汕小品"
    },
        {
      "type_name": "潮汕讲古",
      "type_id": "潮汕讲古"
    },

    {
      "type_name": "河北梆子",
      "type_id": "河北梆子"
    },
    {
      "type_name": "梆子腔",
      "type_id": "梆子腔"
    },
    {
      "type_name": "晋剧",
      "type_id": "晋剧"
    },
    {
      "type_name": "龙江剧",
      "type_id": "龙江剧"
    },
    {
      "type_name": "越调",
      "type_id": "越调"
    },
    {
      "type_name": "河南曲剧",
      "type_id": "河南曲剧"
    },
    {
      "type_name": "山东梆子",
      "type_id": "山东梆子"
    },
    {
      "type_name": "淮剧",
      "type_id": "淮剧"
    },
    {
      "type_name": "滑稽戏",
      "type_id": "滑稽戏"
    },
    {
      "type_name": "婺剧",
      "type_id": "婺剧"
    },
    {
      "type_name": "绍剧",
      "type_id": "绍剧"
    },
    {
      "type_name": "徽剧",
      "type_id": "徽剧"
    },
    {
      "type_name": "雁剧",
      "type_id": "雁剧"
    },
    {
      "type_name": "上党梆子",
      "type_id": "上党梆子"
    },
    {
      "type_name": "秦腔",
      "type_id": "秦腔"
    },
    {
      "type_name": "武安平调",
      "type_id": "武安平调"
    },
    {
      "type_name": "二人台",
      "type_id": "二人台"
    },
    {
      "type_name": "吉剧",
      "type_id": "吉剧"
    },
    {
      "type_name": "高腔",
      "type_id": "高腔"
    }
  ],
  
   "cookie":"_uuid=5E4B2B98-1014A-84D8-FA33-EC210C5BEC10DA82367infoc; buvid3=E9D0A426-85E9-E6C7-C75E-206A3E1BEB4D81910infoc; b_nut=1666168082; buvid4=4FC87B9C-3540-2275-688C-8612D3EA719B81910-022101916-ZLe640jXRAMHySuaCe9aUw==; rpdid=|(k|u)YYm)uY0J'uYYYuY)uuu; i-wanna-go-back=-1; fingerprint=9c214a6da0197a48e576ccf22e9f0ac7; buvid_fp_plain=undefined; nostalgia_conf=-1; DedeUserID=3493076028885079; DedeUserID__ckMd5=60a8757a1f4d6ae9; buvid_fp=9c214a6da0197a48e576ccf22e9f0ac7; CURRENT_QUALITY=80; b_ut=5; PVID=2; bp_video_offset_3493076028885079=undefined; bsource=search_google; SESSDATA=42b8ada6,1683277266,4bd05*b2; bili_jct=2dbe39aea02b41324395630a24d4775f; sid=89gnel66; innersign=0; b_lsid=9EF63922_1844D55A286; CURRENT_FNVAL=4048",
  
  
  "filter": {
  
      "京剧": [{"key": "duration","name": "时长","value": [{"n": "全部","v": "0"},{"n": "60分钟以上","v": "4"},{"n": "30~60分钟","v": "3"},{"n": "10~30分钟","v": "2"},{"n": "10分钟以下","v": "1"}]}],
      "越剧": [{"key": "duration","name": "时长","value": [{"n": "全部","v": "0"},{"n": "60分钟以上","v": "4"},{"n": "30~60分钟","v": "3"},{"n": "10~30分钟","v": "2"},{"n": "10分钟以下","v": "1"}]}],
      "芗剧": [{"key": "duration","name": "时长","value": [{"n": "全部","v": "0"},{"n": "60分钟以上","v": "4"},{"n": "30~60分钟","v": "3"},{"n": "10~30分钟","v": "2"},{"n": "10分钟以下","v": "1"}]}],
      "蒲剧": [{"key": "duration","name": "时长","value": [{"n": "全部","v": "0"},{"n": "60分钟以上","v": "4"},{"n": "30~60分钟","v": "3"},{"n": "10~30分钟","v": "2"},{"n": "10分钟以下","v": "1"}]}],
      "吕剧": [{"key": "duration","name": "时长","value": [{"n": "全部","v": "0"},{"n": "60分钟以上","v": "4"},{"n": "30~60分钟","v": "3"},{"n": "10~30分钟","v": "2"},{"n": "10分钟以下","v": "1"}]}],
      "眉户": [{"key": "duration","name": "时长","value": [{"n": "全部","v": "0"},{"n": "60分钟以上","v": "4"},{"n": "30~60分钟","v": "3"},{"n": "10~30分钟","v": "2"},{"n": "10分钟以下","v": "1"}]}],
      "歌仔戏": [{"key": "duration","name": "时长","value": [{"n": "全部","v": "0"},{"n": "60分钟以上","v": "4"},{"n": "30~60分钟","v": "3"},{"n": "10~30分钟","v": "2"},{"n": "10分钟以下","v": "1"}]}],
      "黄梅戏": [{"key": "duration","name": "时长","value": [{"n": "全部","v": "0"},{"n": "60分钟以上","v": "4"},{"n": "30~60分钟","v": "3"},{"n": "10~30分钟","v": "2"},{"n": "10分钟以下","v": "1"}]}],
      "评剧": [{"key": "duration","name": "时长","value": [{"n": "全部","v": "0"},{"n": "60分钟以上","v": "4"},{"n": "30~60分钟","v": "3"},{"n": "10~30分钟","v": "2"},{"n": "10分钟以下","v": "1"}]}],
      "豫剧": [{"key": "duration","name": "时长","value": [{"n": "全部","v": "0"},{"n": "60分钟以上","v": "4"},{"n": "30~60分钟","v": "3"},{"n": "10~30分钟","v": "2"},{"n": "10分钟以下","v": "1"}]}],
      "沪剧": [{"key": "duration","name": "时长","value": [{"n": "全部","v": "0"},{"n": "60分钟以上","v": "4"},{"n": "30~60分钟","v": "3"},{"n": "10~30分钟","v": "2"},{"n": "10分钟以下","v": "1"}]}],
      "昆曲": [{"key": "duration","name": "时长","value": [{"n": "全部","v": "0"},{"n": "60分钟以上","v": "4"},{"n": "30~60分钟","v": "3"},{"n": "10~30分钟","v": "2"},{"n": "10分钟以下","v": "1"}]}],
      "花鼓戏": [{"key": "duration","name": "时长","value": [{"n": "全部","v": "0"},{"n": "60分钟以上","v": "4"},{"n": "30~60分钟","v": "3"},{"n": "10~30分钟","v": "2"},{"n": "10分钟以下","v": "1"}]}],
      "潮剧": [{"key": "duration","name": "时长","value": [{"n": "全部","v": "0"},{"n": "60分钟以上","v": "4"},{"n": "30~60分钟","v": "3"},{"n": "10~30分钟","v": "2"},{"n": "10分钟以下","v": "1"}]}],
      "超清潮剧": [{"key": "duration","name": "时长","value": [{"n": "全部","v": "0"},{"n": "60分钟以上","v": "4"},{"n": "30~60分钟","v": "3"},{"n": "10~30分钟","v": "2"},{"n": "10分钟以下","v": "1"}]}],
      "百花潮剧院": [{"key": "duration","name": "时长","value": [{"n": "全部","v": "0"},{"n": "60分钟以上","v": "4"},{"n": "30~60分钟","v": "3"},{"n": "10~30分钟","v": "2"},{"n": "10分钟以下","v": "1"}]}],
      "香港潮剧": [{"key": "duration","name": "时长","value": [{"n": "全部","v": "0"},{"n": "60分钟以上","v": "4"},{"n": "30~60分钟","v": "3"},{"n": "10~30分钟","v": "2"},{"n": "10分钟以下","v": "1"}]}],
      "潮剧院": [{"key": "duration","name": "时长","value": [{"n": "全部","v": "0"},{"n": "60分钟以上","v": "4"},{"n": "30~60分钟","v": "3"},{"n": "10~30分钟","v": "2"},{"n": "10分钟以下","v": "1"}]}],
      "潮剧团": [{"key": "duration","name": "时长","value": [{"n": "全部","v": "0"},{"n": "60分钟以上","v": "4"},{"n": "30~60分钟","v": "3"},{"n": "10~30分钟","v": "2"},{"n": "10分钟以下","v": "1"}]}],
      "潮剧全剧": [{"key": "duration","name": "时长","value": [{"n": "全部","v": "0"},{"n": "60分钟以上","v": "4"},{"n": "30~60分钟","v": "3"},{"n": "10~30分钟","v": "2"},{"n": "10分钟以下","v": "1"}]}],
      "潮剧选段": [{"key": "duration","name": "时长","value": [{"n": "全部","v": "0"},{"n": "60分钟以上","v": "4"},{"n": "30~60分钟","v": "3"},{"n": "10~30分钟","v": "2"},{"n": "10分钟以下","v": "1"}]}],
      
      "名家潮剧": [{"key": "duration","name": "时长","value": [{"n": "全部","v": "0"},{"n": "60分钟以上","v": "4"},{"n": "30~60分钟","v": "3"},{"n": "10~30分钟","v": "2"},{"n": "10分钟以下","v": "1"}]}],
      "潮汕小品": [{"key": "duration","name": "时长","value": [{"n": "全部","v": "0"},{"n": "60分钟以上","v": "4"},{"n": "30~60分钟","v": "3"},{"n": "10~30分钟","v": "2"},{"n": "10分钟以下","v": "1"}]}],
      "潮汕讲古": [{"key": "duration","name": "时长","value": [{"n": "全部","v": "0"},{"n": "60分钟以上","v": "4"},{"n": "30~60分钟","v": "3"},{"n": "10~30分钟","v": "2"},{"n": "10分钟以下","v": "1"}]}],
      "河北梆子": [{"key": "duration","name": "时长","value": [{"n": "全部","v": "0"},{"n": "60分钟以上","v": "4"},{"n": "30~60分钟","v": "3"},{"n": "10~30分钟","v": "2"},{"n": "10分钟以下","v": "1"}]}],
      "梆子腔": [{"key": "duration","name": "时长","value": [{"n": "全部","v": "0"},{"n": "60分钟以上","v": "4"},{"n": "30~60分钟","v": "3"},{"n": "10~30分钟","v": "2"},{"n": "10分钟以下","v": "1"}]}],
      "晋剧": [{"key": "duration","name": "时长","value": [{"n": "全部","v": "0"},{"n": "60分钟以上","v": "4"},{"n": "30~60分钟","v": "3"},{"n": "10~30分钟","v": "2"},{"n": "10分钟以下","v": "1"}]}],
      "龙江剧": [{"key": "duration","name": "时长","value": [{"n": "全部","v": "0"},{"n": "60分钟以上","v": "4"},{"n": "30~60分钟","v": "3"},{"n": "10~30分钟","v": "2"},{"n": "10分钟以下","v": "1"}]}],
      "越调": [{"key": "duration","name": "时长","value": [{"n": "全部","v": "0"},{"n": "60分钟以上","v": "4"},{"n": "30~60分钟","v": "3"},{"n": "10~30分钟","v": "2"},{"n": "10分钟以下","v": "1"}]}],
      "河南曲剧": [{"key": "duration","name": "时长","value": [{"n": "全部","v": "0"},{"n": "60分钟以上","v": "4"},{"n": "30~60分钟","v": "3"},{"n": "10~30分钟","v": "2"},{"n": "10分钟以下","v": "1"}]}],
      "山东梆子": [{"key": "duration","name": "时长","value": [{"n": "全部","v": "0"},{"n": "60分钟以上","v": "4"},{"n": "30~60分钟","v": "3"},{"n": "10~30分钟","v": "2"},{"n": "10分钟以下","v": "1"}]}],
      "淮剧": [{"key": "duration","name": "时长","value": [{"n": "全部","v": "0"},{"n": "60分钟以上","v": "4"},{"n": "30~60分钟","v": "3"},{"n": "10~30分钟","v": "2"},{"n": "10分钟以下","v": "1"}]}],
      "滑稽戏": [{"key": "duration","name": "时长","value": [{"n": "全部","v": "0"},{"n": "60分钟以上","v": "4"},{"n": "30~60分钟","v": "3"},{"n": "10~30分钟","v": "2"},{"n": "10分钟以下","v": "1"}]}],
      "婺剧": [{"key": "duration","name": "时长","value": [{"n": "全部","v": "0"},{"n": "60分钟以上","v": "4"},{"n": "30~60分钟","v": "3"},{"n": "10~30分钟","v": "2"},{"n": "10分钟以下","v": "1"}]}],
      "绍剧": [{"key": "duration","name": "时长","value": [{"n": "全部","v": "0"},{"n": "60分钟以上","v": "4"},{"n": "30~60分钟","v": "3"},{"n": "10~30分钟","v": "2"},{"n": "10分钟以下","v": "1"}]}],
      "徽剧": [{"key": "duration","name": "时长","value": [{"n": "全部","v": "0"},{"n": "60分钟以上","v": "4"},{"n": "30~60分钟","v": "3"},{"n": "10~30分钟","v": "2"},{"n": "10分钟以下","v": "1"}]}],
      "雁剧": [{"key": "duration","name": "时长","value": [{"n": "全部","v": "0"},{"n": "60分钟以上","v": "4"},{"n": "30~60分钟","v": "3"},{"n": "10~30分钟","v": "2"},{"n": "10分钟以下","v": "1"}]}],
      "上党梆子": [{"key": "duration","name": "时长","value": [{"n": "全部","v": "0"},{"n": "60分钟以上","v": "4"},{"n": "30~60分钟","v": "3"},{"n": "10~30分钟","v": "2"},{"n": "10分钟以下","v": "1"}]}],
      "秦腔": [{"key": "duration","name": "时长","value": [{"n": "全部","v": "0"},{"n": "60分钟以上","v": "4"},{"n": "30~60分钟","v": "3"},{"n": "10~30分钟","v": "2"},{"n": "10分钟以下","v": "1"}]}],
      "武安平调": [{"key": "duration","name": "时长","value": [{"n": "全部","v": "0"},{"n": "60分钟以上","v": "4"},{"n": "30~60分钟","v": "3"},{"n": "10~30分钟","v": "2"},{"n": "10分钟以下","v": "1"}]}],
      "二人台": [{"key": "duration","name": "时长","value": [{"n": "全部","v": "0"},{"n": "60分钟以上","v": "4"},{"n": "30~60分钟","v": "3"},{"n": "10~30分钟","v": "2"},{"n": "10分钟以下","v": "1"}]}],
      "吉剧": [{"key": "duration","name": "时长","value": [{"n": "全部","v": "0"},{"n": "60分钟以上","v": "4"},{"n": "30~60分钟","v": "3"},{"n": "10~30分钟","v": "2"},{"n": "10分钟以下","v": "1"}]}],
      "高腔": [{"key": "duration","name": "时长","value": [{"n": "全部","v": "0"},{"n": "60分钟以上","v": "4"},{"n": "30~60分钟","v": "3"},{"n": "10~30分钟","v": "2"},{"n": "10分钟以下","v": "1"}]}]     
      
  }}