{
  "classes": [
  {
      "type_name": "8K资源合集",
      "type_id": "8K"
    },
    {
      "type_name": "热舞8K",
      "type_id": "热舞8K"
    },
    {
      "type_name": "制服美女8K",
      "type_id": "制服美女8K"
    },
   {
      "type_name": "影视歌曲8K",
      "type_id": "影视歌曲8K"
    },
    {
      "type_name": "性感小姐姐8K",
      "type_id": "性感小姐姐8K"
    },
    {
      "type_name": "3D动漫8K",
      "type_id": "3D动漫8K"
    },
    {
      "type_name": "风景8K",
      "type_id": "风景8K"
    }

    ],

 "cookie":"_uuid=5E4B2B98-1014A-84D8-FA33-EC210C5BEC10DA82367infoc; buvid3=E9D0A426-85E9-E6C7-C75E-206A3E1BEB4D81910infoc; b_nut=1666168082; buvid4=4FC87B9C-3540-2275-688C-8612D3EA719B81910-022101916-ZLe640jXRAMHySuaCe9aUw==; rpdid=|(k|u)YYm)uY0J'uYYYuY)uuu; i-wanna-go-back=-1; fingerprint=9c214a6da0197a48e576ccf22e9f0ac7; buvid_fp_plain=undefined; nostalgia_conf=-1; DedeUserID=3493076028885079; DedeUserID__ckMd5=60a8757a1f4d6ae9; buvid_fp=9c214a6da0197a48e576ccf22e9f0ac7; CURRENT_QUALITY=80; b_ut=5; PVID=2; bp_video_offset_3493076028885079=undefined; bsource=search_google; SESSDATA=42b8ada6,1683277266,4bd05*b2; bili_jct=2dbe39aea02b41324395630a24d4775f; sid=89gnel66; innersign=0; b_lsid=9EF63922_1844D55A286; CURRENT_FNVAL=4048",


  "filter": {"8K": [
{"key": "order","name": "排序","value": [
{"n": "综合排序","v": "0"},
{"n": "最多点击","v": "click"},
{"n": "最新发布","v": "pubdate"},
{"n": "最多弹幕","v": "dm"},
{"n": "最多收藏","v": "stow"}
]
},
  {"key": "tid","name": "分类","value": [
          {
            "n": "热舞8K",
            "v": "热舞8K"
          },
           {
            "n": "制服美女8K",
            "v": "制服美女8K"
          },
          {
            "n": "影视歌曲8K",
            "v": "影视歌曲8K"
            },
           {
            "n": "性感小姐姐8K",
            "v": "性感小姐姐8K"
          },
          {
            "n": "3D动漫8K",
            "v": "3D动漫8K"
          },
          {
            "n": "风景8K",
            "v": "风景8K"
          }
            ]
            },

{"key": "duration","name": "时长","value": [
{"n": "全部时长","v": "0"},
{"n": "60分钟以上","v": "4"},
{"n": "30~60分钟","v": "3"},
{"n": "10~30分钟","v": "2"},
{"n": "10分钟以下","v": "1"}

]}]
}}
