{"classes":[{"type_name":"MT管理器","type_id":"MT管理器"},{"type_name":"网盘挂载","type_id":"网盘挂载"},{"type_name":"alist+WebDav","type_id":"alist+WebDav"},{"type_name":"TVBox修改","type_id":"TVBOX修改教程"},{"type_name":"阿里换token","type_id":"阿里token"},{"type_name":"Git入门到精通","type_id":"Git入门到精通"},{"type_name":"java","type_id":"java教程"},{"type_name":"phyton","type_id":"phyton教程"},{"type_name":"xml","type_id":"xml教程"},{"type_name":"photoshop","type_id":"photoshop教程"},{"type_name":"PR","type_id":"PR教程"},{"type_name":"AE","type_id":"AE教程"},{"type_name":"C4D","type_id":"C4D教程"}], 
 "cookie":"_uuid=5E4B2B98-1014A-84D8-FA33-EC210C5BEC10DA82367infoc; buvid3=E9D0A426-85E9-E6C7-C75E-206A3E1BEB4D81910infoc; b_nut=1666168082; buvid4=4FC87B9C-3540-2275-688C-8612D3EA719B81910-022101916-ZLe640jXRAMHySuaCe9aUw==; rpdid=|(k|u)YYm)uY0J'uYYYuY)uuu; i-wanna-go-back=-1; fingerprint=9c214a6da0197a48e576ccf22e9f0ac7; buvid_fp_plain=undefined; nostalgia_conf=-1; DedeUserID=3493076028885079; DedeUserID__ckMd5=60a8757a1f4d6ae9; buvid_fp=9c214a6da0197a48e576ccf22e9f0ac7; CURRENT_QUALITY=80; b_ut=5; PVID=2; bp_video_offset_3493076028885079=undefined; bsource=search_google; SESSDATA=42b8ada6,1683277266,4bd05*b2; bili_jct=2dbe39aea02b41324395630a24d4775f; sid=89gnel66; innersign=0; b_lsid=9EF63922_1844D55A286; CURRENT_FNVAL=4048",
  "filter":{"搞笑":[{"key":"duration","name":"时长","value":[{"n":"全部","v":"0"},{"n":"60分钟以上","v":"4"},{"n":"30~60分钟","v":"3"},{"n":"10~30分钟","v":"2"},{"n":"10分钟以下","v":"1"}]}]}}